rank,lemma,lang,order_signal,source
1,아이,ko,m1,open-lingo-curriculum-order
2,오이,ko,m1,open-lingo-curriculum-order
3,오,ko,m1,open-lingo-curriculum-order
4,이,ko,m1,open-lingo-curriculum-order
5,고기,ko,m1,open-lingo-curriculum-order
6,아기,ko,m1,open-lingo-curriculum-order
7,거기,ko,m1,open-lingo-curriculum-order
8,나,ko,m1,open-lingo-curriculum-order
9,너,ko,m1,open-lingo-curriculum-order
10,누구,ko,m1,open-lingo-curriculum-order
11,어머니,ko,m1,open-lingo-curriculum-order
12,나무,ko,m1,open-lingo-curriculum-order
13,구두,ko,m1,open-lingo-curriculum-order
14,도,ko,m1,open-lingo-curriculum-order
15,모두,ko,m1,open-lingo-curriculum-order
16,다리,ko,m1,open-lingo-curriculum-order
17,머리,ko,m1,open-lingo-curriculum-order
18,우리,ko,m1,open-lingo-curriculum-order
19,바다,ko,m1,open-lingo-curriculum-order
20,비,ko,m1,open-lingo-curriculum-order
21,바보,ko,m1,open-lingo-curriculum-order
22,사,ko,m1,open-lingo-curriculum-order
23,소,ko,m1,open-lingo-curriculum-order
24,사이,ko,m1,open-lingo-curriculum-order
25,자,ko,m1,open-lingo-curriculum-order
26,모자,ko,m1,open-lingo-curriculum-order
27,지도,ko,m1,open-lingo-curriculum-order
28,하나,ko,m1,open-lingo-curriculum-order
29,하루,ko,m1,open-lingo-curriculum-order
30,호두,ko,m1,open-lingo-curriculum-order
31,ㄱ,ko,m1,open-lingo-curriculum-order
32,ㄴ,ko,m1,open-lingo-curriculum-order
33,ㄷ,ko,m1,open-lingo-curriculum-order
34,ㄹ,ko,m1,open-lingo-curriculum-order
35,ㅁ,ko,m1,open-lingo-curriculum-order
36,ㅂ,ko,m1,open-lingo-curriculum-order
37,ㅅ,ko,m1,open-lingo-curriculum-order
38,ㅇ,ko,m1,open-lingo-curriculum-order
39,ㅈ,ko,m1,open-lingo-curriculum-order
40,ㅎ,ko,m1,open-lingo-curriculum-order
41,ㅏ,ko,m1,open-lingo-curriculum-order
42,ㅓ,ko,m1,open-lingo-curriculum-order
43,ㅗ,ko,m1,open-lingo-curriculum-order
44,ㅜ,ko,m1,open-lingo-curriculum-order
45,ㅡ,ko,m1,open-lingo-curriculum-order
46,ㅣ,ko,m1,open-lingo-curriculum-order
47,코,ko,m2,open-lingo-curriculum-order
48,키,ko,m2,open-lingo-curriculum-order
49,커피,ko,m2,open-lingo-curriculum-order
50,쿠키,ko,m2,open-lingo-curriculum-order
51,토끼,ko,m2,open-lingo-curriculum-order
52,타다,ko,m2,open-lingo-curriculum-order
53,피,ko,m2,open-lingo-curriculum-order
54,포도,ko,m2,open-lingo-curriculum-order
55,차,ko,m2,open-lingo-curriculum-order
56,치마,ko,m2,open-lingo-curriculum-order
57,꼬리,ko,m2,open-lingo-curriculum-order
58,토끼,ko,m2,open-lingo-curriculum-order
59,오빠,ko,m2,open-lingo-curriculum-order
60,아빠,ko,m2,open-lingo-curriculum-order
61,싸다,ko,m2,open-lingo-curriculum-order
62,짜다,ko,m2,open-lingo-curriculum-order
63,야구,ko,m2,open-lingo-curriculum-order
64,여기,ko,m2,open-lingo-curriculum-order
65,교실,ko,m2,open-lingo-curriculum-order
66,우유,ko,m2,open-lingo-curriculum-order
67,ㅋ,ko,m2,open-lingo-curriculum-order
68,ㅌ,ko,m2,open-lingo-curriculum-order
69,ㅍ,ko,m2,open-lingo-curriculum-order
70,ㅊ,ko,m2,open-lingo-curriculum-order
71,ㄲ,ko,m2,open-lingo-curriculum-order
72,ㄸ,ko,m2,open-lingo-curriculum-order
73,ㅃ,ko,m2,open-lingo-curriculum-order
74,ㅆ,ko,m2,open-lingo-curriculum-order
75,ㅉ,ko,m2,open-lingo-curriculum-order
76,ㅑ,ko,m2,open-lingo-curriculum-order
77,ㅕ,ko,m2,open-lingo-curriculum-order
78,ㅛ,ko,m2,open-lingo-curriculum-order
79,ㅠ,ko,m2,open-lingo-curriculum-order
80,안녕히 가세요,ko,m3,open-lingo-curriculum-order
81,안녕히 계세요,ko,m3,open-lingo-curriculum-order
82,반갑습니다,ko,m3,open-lingo-curriculum-order
83,안녕,ko,m3,open-lingo-curriculum-order
84,저,ko,m3,open-lingo-curriculum-order
85,이름,ko,m3,open-lingo-curriculum-order
86,학생,ko,m3,open-lingo-curriculum-order
87,선생님,ko,m3,open-lingo-curriculum-order
88,친구,ko,m3,open-lingo-curriculum-order
89,뭐,ko,m3,open-lingo-curriculum-order
90,이에요,ko,m3,open-lingo-curriculum-order
91,예요,ko,m3,open-lingo-curriculum-order
92,일,ko,m3,open-lingo-curriculum-order
93,이,ko,m3,open-lingo-curriculum-order
94,삼,ko,m3,open-lingo-curriculum-order
95,사,ko,m3,open-lingo-curriculum-order
96,오,ko,m3,open-lingo-curriculum-order
97,육,ko,m3,open-lingo-curriculum-order
98,칠,ko,m3,open-lingo-curriculum-order
99,팔,ko,m3,open-lingo-curriculum-order
100,구,ko,m3,open-lingo-curriculum-order
101,십,ko,m3,open-lingo-curriculum-order
102,은,ko,m3,open-lingo-curriculum-order
103,는,ko,m3,open-lingo-curriculum-order
104,이,ko,m3,open-lingo-curriculum-order
105,가,ko,m3,open-lingo-curriculum-order
106,을,ko,m3,open-lingo-curriculum-order
107,를,ko,m3,open-lingo-curriculum-order
108,에,ko,m3,open-lingo-curriculum-order
109,에서,ko,m3,open-lingo-curriculum-order
110,책,ko,m4,open-lingo-curriculum-order
111,펜,ko,m4,open-lingo-curriculum-order
112,가방,ko,m4,open-lingo-curriculum-order
113,의자,ko,m4,open-lingo-curriculum-order
114,문,ko,m4,open-lingo-curriculum-order
115,핸드폰,ko,m4,open-lingo-curriculum-order
116,이거,ko,m4,open-lingo-curriculum-order
117,그거,ko,m4,open-lingo-curriculum-order
118,저거,ko,m4,open-lingo-curriculum-order
119,이,ko,m4,open-lingo-curriculum-order
120,그,ko,m4,open-lingo-curriculum-order
121,저,ko,m4,open-lingo-curriculum-order
122,제,ko,m4,open-lingo-curriculum-order
123,거,ko,m4,open-lingo-curriculum-order
124,의,ko,m4,open-lingo-curriculum-order
125,하나,ko,m5,open-lingo-curriculum-order
126,둘,ko,m5,open-lingo-curriculum-order
127,셋,ko,m5,open-lingo-curriculum-order
128,넷,ko,m5,open-lingo-curriculum-order
129,다섯,ko,m5,open-lingo-curriculum-order
130,여섯,ko,m5,open-lingo-curriculum-order
131,일곱,ko,m5,open-lingo-curriculum-order
132,여덟,ko,m5,open-lingo-curriculum-order
133,아홉,ko,m5,open-lingo-curriculum-order
134,열,ko,m5,open-lingo-curriculum-order
135,한,ko,m5,open-lingo-curriculum-order
136,두,ko,m5,open-lingo-curriculum-order
137,세,ko,m5,open-lingo-curriculum-order
138,개,ko,m5,open-lingo-curriculum-order
139,명,ko,m5,open-lingo-curriculum-order
140,잔,ko,m5,open-lingo-curriculum-order
141,주세요,ko,m5,open-lingo-curriculum-order
142,물,ko,m5,open-lingo-curriculum-order
143,빵,ko,m5,open-lingo-curriculum-order
144,얼마,ko,m5,open-lingo-curriculum-order
145,원,ko,m5,open-lingo-curriculum-order
146,집,ko,m6,open-lingo-curriculum-order
147,학교,ko,m6,open-lingo-curriculum-order
148,가게,ko,m6,open-lingo-curriculum-order
149,식당,ko,m6,open-lingo-curriculum-order
150,역,ko,m6,open-lingo-curriculum-order
151,병원,ko,m6,open-lingo-curriculum-order
152,있어요,ko,m6,open-lingo-curriculum-order
153,없어요,ko,m6,open-lingo-curriculum-order
154,어디,ko,m6,open-lingo-curriculum-order
155,여기,ko,m6,open-lingo-curriculum-order
156,거기,ko,m6,open-lingo-curriculum-order
157,가다,ko,m7,open-lingo-curriculum-order
158,오다,ko,m7,open-lingo-curriculum-order
159,먹다,ko,m7,open-lingo-curriculum-order
160,마시다,ko,m7,open-lingo-curriculum-order
161,보다,ko,m7,open-lingo-curriculum-order
162,하다,ko,m7,open-lingo-curriculum-order
163,가요,ko,m7,open-lingo-curriculum-order
164,와요,ko,m7,open-lingo-curriculum-order
165,먹어요,ko,m7,open-lingo-curriculum-order
166,마셔요,ko,m7,open-lingo-curriculum-order
167,봐요,ko,m7,open-lingo-curriculum-order
168,해요,ko,m7,open-lingo-curriculum-order
169,밥,ko,m7,open-lingo-curriculum-order
170,커피,ko,m7,open-lingo-curriculum-order
171,영화,ko,m7,open-lingo-curriculum-order
172,공부,ko,m7,open-lingo-curriculum-order
173,좋다,ko,m8,open-lingo-curriculum-order
174,크다,ko,m8,open-lingo-curriculum-order
175,작다,ko,m8,open-lingo-curriculum-order
176,예쁘다,ko,m8,open-lingo-curriculum-order
177,맛있다,ko,m8,open-lingo-curriculum-order
178,비싸다,ko,m8,open-lingo-curriculum-order
179,좋아요,ko,m8,open-lingo-curriculum-order
180,커요,ko,m8,open-lingo-curriculum-order
181,작아요,ko,m8,open-lingo-curriculum-order
182,예뻐요,ko,m8,open-lingo-curriculum-order
183,맛있어요,ko,m8,open-lingo-curriculum-order
184,비싸요,ko,m8,open-lingo-curriculum-order
185,좋은,ko,m8,open-lingo-curriculum-order
186,큰,ko,m8,open-lingo-curriculum-order
187,작은,ko,m8,open-lingo-curriculum-order
188,하고,ko,m9,open-lingo-curriculum-order
189,와,ko,m9,open-lingo-curriculum-order
190,과,ko,m9,open-lingo-curriculum-order
191,도,ko,m9,open-lingo-curriculum-order
192,빵,ko,m9,open-lingo-curriculum-order
193,우유,ko,m9,open-lingo-curriculum-order
194,사과,ko,m9,open-lingo-curriculum-order
195,갔어요,ko,m10,open-lingo-curriculum-order
196,왔어요,ko,m10,open-lingo-curriculum-order
197,먹었어요,ko,m10,open-lingo-curriculum-order
198,마셨어요,ko,m10,open-lingo-curriculum-order
199,봤어요,ko,m10,open-lingo-curriculum-order
200,했어요,ko,m10,open-lingo-curriculum-order
201,좋았어요,ko,m10,open-lingo-curriculum-order
202,맛있었어요,ko,m10,open-lingo-curriculum-order
203,였어요,ko,m10,open-lingo-curriculum-order
204,이었어요,ko,m10,open-lingo-curriculum-order
205,어제,ko,m10,open-lingo-curriculum-order
206,오늘,ko,m10,open-lingo-curriculum-order
207,안,ko,m11,open-lingo-curriculum-order
208,못,ko,m11,open-lingo-curriculum-order
209,싶어요,ko,m11,open-lingo-curriculum-order
210,가고 싶어요,ko,m11,open-lingo-curriculum-order
211,먹고 싶어요,ko,m11,open-lingo-curriculum-order
212,시,ko,m12,open-lingo-curriculum-order
213,분,ko,m12,open-lingo-curriculum-order
214,반,ko,m12,open-lingo-curriculum-order
215,지금,ko,m12,open-lingo-curriculum-order
216,몇,ko,m12,open-lingo-curriculum-order
217,월요일,ko,m12,open-lingo-curriculum-order
218,화요일,ko,m12,open-lingo-curriculum-order
219,수요일,ko,m12,open-lingo-curriculum-order
220,목요일,ko,m12,open-lingo-curriculum-order
221,금요일,ko,m12,open-lingo-curriculum-order
222,토요일,ko,m12,open-lingo-curriculum-order
223,일요일,ko,m12,open-lingo-curriculum-order
224,월,ko,m13,open-lingo-curriculum-order
225,유월,ko,m13,open-lingo-curriculum-order
226,시월,ko,m13,open-lingo-curriculum-order
227,항상,ko,m13,open-lingo-curriculum-order
228,자주,ko,m13,open-lingo-curriculum-order
229,가끔,ko,m13,open-lingo-curriculum-order
230,별로,ko,m13,open-lingo-curriculum-order
231,전혀,ko,m13,open-lingo-curriculum-order
232,부터,ko,m13,open-lingo-curriculum-order
233,까지,ko,m13,open-lingo-curriculum-order
234,그래서,ko,m13,open-lingo-curriculum-order
235,회사,ko,m13,open-lingo-curriculum-order
236,운동,ko,m13,open-lingo-curriculum-order
237,고,ko,m14,open-lingo-curriculum-order
238,아서,ko,m14,open-lingo-curriculum-order
239,어서,ko,m14,open-lingo-curriculum-order
240,도와주세요,ko,m14,open-lingo-curriculum-order
241,백,ko,m14,open-lingo-curriculum-order
242,천,ko,m14,open-lingo-curriculum-order
243,만,ko,m14,open-lingo-curriculum-order
244,기다리다,ko,m14,open-lingo-curriculum-order
245,기다려 주세요,ko,m14,open-lingo-curriculum-order
246,고 있어요,ko,m15,open-lingo-curriculum-order
247,도 돼요,ko,m15,open-lingo-curriculum-order
248,지만,ko,m15,open-lingo-curriculum-order
249,자다,ko,m15,open-lingo-curriculum-order
250,쉬다,ko,m15,open-lingo-curriculum-order
251,전화,ko,m15,open-lingo-curriculum-order
252,으면 안 돼요,ko,m16,open-lingo-curriculum-order
253,면 안 돼요,ko,m16,open-lingo-curriculum-order
254,지 마세요,ko,m16,open-lingo-curriculum-order
255,고 나서,ko,m16,open-lingo-curriculum-order
256,좋아하다,ko,m16,open-lingo-curriculum-order
257,좋아해요,ko,m16,open-lingo-curriculum-order
258,싫어하다,ko,m16,open-lingo-curriculum-order
259,싫어해요,ko,m16,open-lingo-curriculum-order
260,담배,ko,m16,open-lingo-curriculum-order
261,로,ko,m17,open-lingo-curriculum-order
262,으로,ko,m17,open-lingo-curriculum-order
263,버스,ko,m17,open-lingo-curriculum-order
264,지하철,ko,m17,open-lingo-curriculum-order
265,택시,ko,m17,open-lingo-curriculum-order
266,기차,ko,m17,open-lingo-curriculum-order
267,비행기,ko,m17,open-lingo-curriculum-order
268,왼쪽,ko,m17,open-lingo-curriculum-order
269,오른쪽,ko,m17,open-lingo-curriculum-order
270,똑바로,ko,m17,open-lingo-curriculum-order
271,타다,ko,m17,open-lingo-curriculum-order
272,타요,ko,m17,open-lingo-curriculum-order
273,내리다,ko,m17,open-lingo-curriculum-order
274,날씨,ko,m18,open-lingo-curriculum-order
275,맑다,ko,m18,open-lingo-curriculum-order
276,맑아요,ko,m18,open-lingo-curriculum-order
277,흐리다,ko,m18,open-lingo-curriculum-order
278,흐려요,ko,m18,open-lingo-curriculum-order
279,눈,ko,m18,open-lingo-curriculum-order
280,바람,ko,m18,open-lingo-curriculum-order
281,덥다,ko,m18,open-lingo-curriculum-order
282,더워요,ko,m18,open-lingo-curriculum-order
283,춥다,ko,m18,open-lingo-curriculum-order
284,추워요,ko,m18,open-lingo-curriculum-order
285,봄,ko,m18,open-lingo-curriculum-order
286,여름,ko,m18,open-lingo-curriculum-order
287,가을,ko,m18,open-lingo-curriculum-order
288,겨울,ko,m18,open-lingo-curriculum-order
289,거예요,ko,m18,open-lingo-curriculum-order
290,것 같아요,ko,m18,open-lingo-curriculum-order
291,가족,ko,m19,open-lingo-curriculum-order
292,엄마,ko,m19,open-lingo-curriculum-order
293,아빠,ko,m19,open-lingo-curriculum-order
294,부모님,ko,m19,open-lingo-curriculum-order
295,형,ko,m19,open-lingo-curriculum-order
296,오빠,ko,m19,open-lingo-curriculum-order
297,누나,ko,m19,open-lingo-curriculum-order
298,언니,ko,m19,open-lingo-curriculum-order
299,동생,ko,m19,open-lingo-curriculum-order
300,우리,ko,m19,open-lingo-curriculum-order
301,명,ko,m19,open-lingo-curriculum-order
302,살,ko,m19,open-lingo-curriculum-order
303,스무,ko,m19,open-lingo-curriculum-order
304,서른,ko,m19,open-lingo-curriculum-order
305,머리,ko,m20,open-lingo-curriculum-order
306,코,ko,m20,open-lingo-curriculum-order
307,입,ko,m20,open-lingo-curriculum-order
308,귀,ko,m20,open-lingo-curriculum-order
309,손,ko,m20,open-lingo-curriculum-order
310,발,ko,m20,open-lingo-curriculum-order
311,배,ko,m20,open-lingo-curriculum-order
312,목,ko,m20,open-lingo-curriculum-order
313,아파요,ko,m20,open-lingo-curriculum-order
314,병원,ko,m20,open-lingo-curriculum-order
315,약,ko,m20,open-lingo-curriculum-order
316,감기,ko,m20,open-lingo-curriculum-order
317,고기,ko,m21,open-lingo-curriculum-order
318,생선,ko,m21,open-lingo-curriculum-order
319,채소,ko,m21,open-lingo-curriculum-order
320,과일,ko,m21,open-lingo-curriculum-order
321,빵,ko,m21,open-lingo-curriculum-order
322,김치,ko,m21,open-lingo-curriculum-order
323,비빔밥,ko,m21,open-lingo-curriculum-order
324,불고기,ko,m21,open-lingo-curriculum-order
325,라면,ko,m21,open-lingo-curriculum-order
326,하고,ko,m21,open-lingo-curriculum-order
327,랑,ko,m21,open-lingo-curriculum-order
328,잔,ko,m21,open-lingo-curriculum-order
329,더,ko,m22,open-lingo-curriculum-order
330,덜,ko,m22,open-lingo-curriculum-order
331,제일,ko,m22,open-lingo-curriculum-order
332,가장,ko,m22,open-lingo-curriculum-order
333,중에서,ko,m22,open-lingo-curriculum-order
334,어느 게,ko,m22,open-lingo-curriculum-order
335,수영,ko,m23,open-lingo-curriculum-order
336,운전,ko,m23,open-lingo-curriculum-order
337,노래,ko,m23,open-lingo-curriculum-order
338,요리,ko,m23,open-lingo-curriculum-order
339,춤추다,ko,m23,open-lingo-curriculum-order
340,잘해요,ko,m23,open-lingo-curriculum-order
341,못해요,ko,m23,open-lingo-curriculum-order
342,취미,ko,m24,open-lingo-curriculum-order
343,그림,ko,m24,open-lingo-curriculum-order
344,사진,ko,m24,open-lingo-curriculum-order
345,음악,ko,m24,open-lingo-curriculum-order
346,게임,ko,m24,open-lingo-curriculum-order
347,거나,ko,m24,open-lingo-curriculum-order
348,번,ko,m24,open-lingo-curriculum-order
349,일주일,ko,m24,open-lingo-curriculum-order
350,여행,ko,m25,open-lingo-curriculum-order
351,계획,ko,m25,open-lingo-curriculum-order
352,출발,ko,m25,open-lingo-curriculum-order
353,도착,ko,m25,open-lingo-curriculum-order
354,외국,ko,m25,open-lingo-curriculum-order
355,온천,ko,m25,open-lingo-curriculum-order
356,축제,ko,m25,open-lingo-curriculum-order
357,결혼,ko,m25,open-lingo-curriculum-order
358,졸업,ko,m25,open-lingo-curriculum-order
359,피곤하다,ko,m26,open-lingo-curriculum-order
360,늦다,ko,m26,open-lingo-curriculum-order
361,잊어버리다,ko,m26,open-lingo-curriculum-order
362,실수,ko,m26,open-lingo-curriculum-order
363,하지만,ko,m26,open-lingo-curriculum-order
364,그리고,ko,m26,open-lingo-curriculum-order
365,그런데,ko,m26,open-lingo-curriculum-order
366,너무,ko,m26,open-lingo-curriculum-order
367,결정하다,ko,m27,open-lingo-curriculum-order
368,약속,ko,m27,open-lingo-curriculum-order
369,준비,ko,m27,open-lingo-curriculum-order
370,연습,ko,m27,open-lingo-curriculum-order
371,시험,ko,m27,open-lingo-curriculum-order
372,건강,ko,m27,open-lingo-curriculum-order
373,조심하다,ko,m27,open-lingo-curriculum-order
374,안녕하세요,ko,sidequest-survival,open-lingo-curriculum-order
375,감사합니다,ko,sidequest-survival,open-lingo-curriculum-order
376,고마워요,ko,sidequest-survival,open-lingo-curriculum-order
377,죄송합니다,ko,sidequest-survival,open-lingo-curriculum-order
378,괜찮아요,ko,sidequest-survival,open-lingo-curriculum-order
379,네,ko,sidequest-survival,open-lingo-curriculum-order
380,아니요,ko,sidequest-survival,open-lingo-curriculum-order
381,얼마예요?,ko,sidequest-survival,open-lingo-curriculum-order
382,어디예요?,ko,sidequest-survival,open-lingo-curriculum-order
383,화장실이 어디예요?,ko,sidequest-survival,open-lingo-curriculum-order
384,도와주세요,ko,sidequest-survival,open-lingo-curriculum-order
385,물 주세요,ko,sidequest-survival,open-lingo-curriculum-order
386,이거 주세요,ko,sidequest-survival,open-lingo-curriculum-order
387,한국어 못해요,ko,sidequest-survival,open-lingo-curriculum-order
388,다시 말해주세요,ko,sidequest-survival,open-lingo-curriculum-order
389,잠시만요,ko,sidequest-survival,open-lingo-curriculum-order
